Task,EC,KL,TACO-L+EC,TACO-L+KL,TACO-L+EC+PA,TACO-L+KL+PA
MCMT-192,0.045,0.022,-,-,28576 / 360.3,31610 / 323.9
MCMT-384,0.187,0.064,-,-,148260 / 490.5,123688 / 523.9
MCMT-768,0.836,0.141,-,-,362314 / 581.7,326564 / 539.0
QFT-192,0.123,0.063,5028 / 346.2,5236 / 333.2,5028 / 0.2,5100 / 0.5
QFT-384,0.622,0.155,-,-,10448 / 4.1,10790 / 8.7
QFT-768,2.581,0.383,-,-,11588 / 1.0,11588 / 1.0
Grover-192,0.037,0.023,33728 / 292.0,41888 / 473.3,33104 / 0.9,38808 / 72.0
Grover-384,0.152,0.053,-,-,85792 / 142.6,95136 / 124.2
Grover-768,0.629,0.119,-,-,128008 / 1.9,139680 / 18.6
